date,kickoff,league,home,away,home_goals,away_goals,market,selection,odds,result,note
2026-09-19,14:30,Premier League,Tottenham,Aston Villa,2,3,bet_builder,Under 4.5 goals + Over 0.5 goals,1.20,lost,5 goals
2026-09-19,17:00,Premier League,Brighton,Arsenal,3,0,bet_builder,Under 4.5 goals + Over 0.5 goals,1.25,won,
2026-09-19,17:00,Premier League,Newcastle,Hull City,2,1,bet_builder,Newcastle over 0.5 goals + Newcastle over 3.5 corners,1.25,unknown,corners not in score
2026-09-19,17:15,LaLiga,Athletic Bilbao,Alaves,0,0,bet_builder,Athletic over 0.5 goals + Athletic win at half-time or full-time,1.46,lost,
2026-09-19,19:00,Serie A,AS Roma,Inter,2,2,gg_or_over_2.5,Yes,1.34,won,
2026-09-19,21:00,Eredivisie,Ajax,Excelsior,2,2,1x2,1,1.24,lost,
2026-09-19,21:45,Serie A,Venezia,Lazio,0,2,double_chance,X2,1.29,won,
2026-09-19,22:00,LaLiga,Sevilla,Barcelona,1,3,bet_builder,2 + Barcelona over 1.5 goals + Raphinha over 0.5 shots on target,1.40,unknown,shots not in score
2026-09-19,22:30,Primeira Liga,Sporting CP,Arouca,2,2,1x2,1,1.22,won_by_promo,"lost on the pitch, saved by bookmaker's 'Super Avantaj' promotion"
2026-09-20,13:15,Eredivisie,Feyenoord,Utrecht,5,0,1x2,1,1.27,won,
2026-09-20,16:00,Premier League,Manchester City,Sunderland,5,3,1x2,1,1.31,won,
2026-09-20,16:00,Premier League,Bournemouth,Liverpool,0,1,double_chance,X2,1.40,won,
2026-09-20,17:15,LaLiga,Atletico Madrid,Real Madrid,2,1,btts,Yes,1.44,won,
2026-09-20,19:30,LaLiga,Villarreal,Levante,3,1,double_chance,1X,1.18,won,
2026-09-20,21:45,Ligue 1,Marseille,PSG,1,2,1x2,2,1.42,won,
2026-09-20,21:45,Serie A,AC Milan,Lecce,3,0,1x2,1,1.28,won,
